ident,name,latitude_deg,longitude_deg,continent,iso_country,gps_code,iata_code,local_code,pais_ingles,pais_castellano
AGGH,Honiara International Airport,-9.428,160.054993,OC,SB,AGGH,HIR,,Solomon Islands,Islas Salomón
AYPY,Port Moresby Jacksons International Airport,-9.443380,147.220002,OC,PG,AYPY,POM,,Papua New Guinea,Papúa Nueva Guinea
BIKF,Keflavik International Airport,63.985001,-22.6056,EU,IS,BIKF,KEF,,Iceland,Islandia
CYEG,Edmonton International Airport,53.3097,-113.580002,,CA,CYEG,YEG,CYEG,Canada,Canadá
CYHZ,Halifax / Stanfield International Airport,44.8807983398,-63.5085983276,,CA,CYHZ,YHZ,,Canada,Canadá
CYOW,Ottawa Macdonald-Cartier International Airport,45.322498,-75.669197,,CA,CYOW,YOW,YOW,Canada,Canadá
CYQB,Quebec Jean Lesage International Airport,46.7911,-71.393303,,CA,CYQB,YQB,YQB,Canada,Canadá
CYUL,Montreal / Pierre Elliott Trudeau International Airport,45.467837,-73.742294,,CA,CYUL,YUL,YUL,Canada,Canadá
CYVR,Vancouver International Airport,49.193901062,-123.183998108,,CA,CYVR,YVR,,Canada,Canadá
CYWG,Winnipeg International Airport,49.909999,-97.239898,,CA,CYWG,YWG,YWG,Canada,Canadá
CYYC,Calgary International Airport,51.118822,-114.009933,,CA,CYYC,YYC,,Canada,Canadá
CYYT,St. John's International Airport,47.618599,-52.7519,,CA,CYYT,YYT,,Canada,Canadá
CYYZ,Toronto Lester B. Pearson International Airport,43.6772,-79.6306,,CA,CYYZ,YYZ,YYZ,Canada,Canadá
DAAG,Houari Boumediene Airport,36.693886,3.214531,AF,DZ,DAAG,ALG,,Algeria,Argelia
DGAA,Kotoka International Airport,5.6051898,-0.166786,AF,GH,DGAA,ACC,,Ghana,Ghana
DNAA,Nnamdi Azikiwe International Airport,9.00679,7.26317,AF,NG,DNAA,ABV,,Nigeria,Nigeria
DNMM,Murtala Muhammed International Airport,6.5773701667785645,3.321160078048706,AF,NG,DNMM,LOS,,Nigeria,Nigeria
DRRN,Diori Hamani International Airport,13.4815,2.18361,AF,NE,DRRN,NIM,,Niger,Níger
DTTA,Tunis Carthage International Airport,36.851002,10.2272,AF,TN,DTTA,TUN,,Tunisia,Túnez
EBBR,Brussels Airport,50.901402,4.48444,EU,BE,EBBR,BRU,,Belgium,Bélgica
EDDB,Berlin Brandenburg Airport,52.362247,13.500672,EU,DE,EDDB,BER,,Germany,Alemania
EDDF,Frankfurt Airport,50.030241,8.561096,EU,DE,EDDF,FRA,,Germany,Alemania
EDDH,Hamburg Helmut Schmidt Airport,53.630402,9.98823,EU,DE,EDDH,HAM,,Germany,Alemania
EDDK,Cologne Bonn Airport,50.865898,7.14274,EU,DE,EDDK,CGN,,Germany,Alemania
EDDL,Düsseldorf Airport,51.289501,6.76678,EU,DE,EDDL,DUS,,Germany,Alemania
EDDM,Munich Airport,48.353802,11.7861,EU,DE,EDDM,MUC,,Germany,Alemania
EDDN,Nuremberg Airport,49.498699,11.078056,EU,DE,EDDN,NUE,,Germany,Alemania
EDDP,Leipzig/Halle Airport,51.420657,12.232705,EU,DE,EDDP,LEJ,,Germany,Alemania
EDDS,Stuttgart Airport,48.689899,9.22196,EU,DE,EDDS,STR,,Germany,Alemania
EDDV,Hannover Airport,52.461102,9.68508,EU,DE,EDDV,HAJ,,Germany,Alemania
EETN,Lennart Meri Tallinn Airport,59.413246,24.83264,EU,EE,EETN,TLL,,Estonia,Estonia
EFHK,Helsinki Vantaa Airport,60.318363,24.963341,EU,FI,EFHK,HEL,,Finland,Finlandia
EGAA,Belfast International Airport,54.6575012207,-6.21582984924,EU,GB,EGAA,BFS,,United Kingdom,Reino Unido
EGBB,Birmingham Airport,52.453899,-1.74803,EU,GB,EGBB,BHX,,United Kingdom,Reino Unido
EGCC,Manchester Airport,53.349375,-2.279521,EU,GB,EGCC,MAN,,United Kingdom,Reino Unido
EGGW,London Luton Airport,51.874699,-0.368333,EU,GB,EGGW,LTN,,United Kingdom,Reino Unido
EGKK,London Gatwick Airport,51.148771,-0.192089,EU,GB,EGKK,LGW,,United Kingdom,Reino Unido
EGLL,London Heathrow Airport,51.4706,-0.461941,EU,GB,EGLL,LHR,,United Kingdom,Reino Unido
EGPF,Glasgow International Airport,55.871899,-4.43306,EU,GB,EGPF,GLA,,United Kingdom,Reino Unido
EGPH,Edinburgh Airport,55.950145,-3.372288,EU,GB,EGPH,EDI,,United Kingdom,Reino Unido
EGSS,London Stansted Airport,51.884998,0.235,EU,GB,EGSS,STN,,United Kingdom,Reino Unido
EHAM,Amsterdam Airport Schiphol,52.308601,4.76389,EU,NL,EHAM,AMS,,Netherlands,Países Bajos
EHEH,Eindhoven Airport,51.4500999451,5.37452983856,EU,NL,EHEH,EIN,,Netherlands,Países Bajos
EIDW,Dublin Airport,53.428713,-6.262121,EU,IE,EIDW,DUB,,Ireland,Irlanda
EINN,Shannon Airport,52.702,-8.92482,EU,IE,EINN,SNN,,Ireland,Irlanda
EKBI,Billund Airport,55.740335,9.157019,EU,DK,EKBI,BLL,,Denmark,Dinamarca
EKCH,Copenhagen Kastrup Airport,55.617900848389,12.656000137329,EU,DK,EKCH,CPH,,Denmark,Dinamarca
ELLX,Luxembourg-Findel International Airport,49.6233333,6.2044444,EU,LU,ELLX,LUX,,Luxembourg,Luxemburgo
ENBR,Bergen Airport,60.2934,5.21814,EU,NO,ENBR,BGO,,Norway,Noruega
ENGM,Oslo Airport,60.193901,11.1004,EU,NO,ENGM,OSL,,Norway,Noruega
ENTC,Tromsø Airport,69.683296,18.9189,EU,NO,ENTC,TOS,,Norway,Noruega
ENVA,Trondheim Airport,63.457802,10.924,EU,NO,ENVA,TRD,,Norway,Noruega
ENZV,Stavanger Airport,58.876701,5.63778,EU,NO,ENZV,SVG,,Norway,Noruega
EPGD,Gdańsk Lech Wałęsa Airport,54.377602,18.4662,EU,PL,EPGD,GDN,,Poland,Polonia
EPKK,Kraków John Paul II International Airport,50.077702,19.7848,EU,PL,EPKK,KRK,,Poland,Polonia
EPWA,Warsaw Chopin Airport,52.165699,20.9671,EU,PL,EPWA,WAW,,Poland,Polonia
ESGG,Göteborg Landvetter Airport,57.6628,12.2798,EU,SE,ESGG,GOT,,Sweden,Suecia
ESSA,Stockholm-Arlanda Airport,59.64849,17.928829,EU,SE,ESSA,ARN,,Sweden,Suecia
EVRA,Riga International Airport,56.923599,23.9711,EU,LV,EVRA,RIX,,Latvia,Letonia
EYVI,Vilnius International Airport,54.634102,25.285801,EU,LT,EYVI,VNO,,Lithuania,Lituania
FACT,Cape Town International Airport,-33.9648017883,18.6016998291,AF,ZA,FACT,CPT,,South Africa,Sudáfrica
FALE,King Shaka International Airport,-29.6144444444,31.1197222222,AF,ZA,FALE,DUR,,South Africa,Sudáfrica
FAOR,O.R. Tambo International Airport,-26.1392,28.246,AF,ZA,FAOR,JNB,,South Africa,Sudáfrica
FBSK,Sir Seretse Khama International Airport,-24.555201,25.9182,AF,BW,FBSK,GBE,,Botswana,Botsuana
FDSK,King Mswati III International Airport,-26.358611,31.716944,AF,SZ,FDSK,SHO,,Eswatini,Suazilandia
FIMP,Sir Seewoosagur Ramgoolam International Airport,-20.430201,57.683601,AF,MU,FIMP,MRU,,Mauritius,Mauricio
FLLS,Kenneth Kaunda International Airport,-15.330833,28.452722,AF,ZM,FLKK,LUN,,Zambia,Zambia
FMEE,Roland Garros Airport,-20.890087,55.518894,AF,RE,FMEE,RUN,,Réunion,Reunión
FMMI,Ivato Airport,-18.7969,47.478802,AF,MG,FMMI,TNR,,Madagascar,Madagascar
FNLU,Quatro de Fevereiro International Airport,-8.85837,13.2312,AF,AO,FNLU,LAD,,Angola,Angola
FPST,São Tomé International Airport,0.378175,6.71215,AF,ST,FPST,TMS,,São Tomé and Principe,Santo Tomé y Príncipe
FQMA,Maputo Airport,-25.920799,32.572601,AF,MZ,FQMA,MPM,,Mozambique,Mozambique
FSIA,Seychelles International Airport,-4.67434,55.521801,AF,SC,FSIA,SEZ,,Seychelles,Seychelles
FTTJ,N'Djamena International Airport,12.1337,15.034,AF,TD,FTTJ,NDJ,,Chad,Chad
FVHA,Robert Gabriel Mugabe International Airport,-17.931801,31.0928,AF,ZW,FVRG,HRE,,Zimbabwe,Zimbabue
FZAA,Ndjili International Airport,-4.38575,15.4446,AF,CD,FZAA,FIH,,Democratic Republic of the Congo,República Democrática del Congo
GABS,Modibo Keita International Airport,12.5335,-7.94994,AF,ML,GABS,BKO,,Mali,Malí
GBYD,Banjul International Airport,13.338,-16.652201,AF,GM,GBYD,BJL,,Gambia,Gambia
GCFV,Fuerteventura Airport,28.4527,-13.8638,AF,ES,GCFV,FUE,,Spain,España
GCHI,El Hierro Airport,27.8148,-17.8871,AF,ES,GCHI,VDE,,Spain,España
GCLA,La Palma Airport,28.626499,-17.7556,AF,ES,GCLA,SPC,,Spain,España
GCLP,Gran Canaria Airport,27.9319,-15.3866,AF,ES,GCLP,LPA,,Spain,España
GCRR,César Manrique-Lanzarote Airport,28.945499,-13.6052,AF,ES,GCRR,ACE,,Spain,España
GCTS,Tenerife Sur Airport,28.0445,-16.5725,AF,ES,GCTS,TFS,,Spain,España
GCXO,Tenerife Norte-Ciudad de La Laguna Airport,28.4827,-16.341499,AF,ES,GCXO,TFN,,Spain,España
GEML,Melilla Airport,35.2798,-2.95626,AF,ES,GEML,MLN,,Spain,España
GFLL,Lungi International Airport,8.61644,-13.1955,AF,SL,GFLL,FNA,,Sierra Leone,Eslovaquia
GLRB,Roberts International Airport,6.23379,-10.3623,AF,LR,GLRB,ROB,,Liberia,Liberia
GMMN,Mohammed V International Airport,33.3675,-7.58997,AF,MA,GMMN,CMN,,Morocco,Marruecos
GOBD,Blaise Diagne International Airport,14.67,-17.073333,AF,SN,GOBD,DSS,,Senegal,San Marino
GQNO,Nouakchott–Oumtounsy International Airport,18.31,-15.969722,AF,MR,GQNO,NKC,,Mauritania,Mauritania
GVAC,Amílcar Cabral International Airport,16.7414,-22.9494,AF,CV,GVAC,SID,,Cape Verde,Cabo Verde
GVNP,Nelson Mandela International Airport,14.941126,-23.484728,AF,CV,GVNP,RAI,,Cape Verde,Cabo Verde
HAAB,Addis Ababa Bole International Airport,8.97789,38.799301,AF,ET,HAAB,ADD,,Ethiopia,Etiopía
HDAM,Djibouti-Ambouli Airport,11.5473,43.1595,AF,DJ,HDAM,JIB,,Djibouti,Yibuti
HECA,Cairo International Airport,30.111534,31.396694,AF,EG,HECA,CAI,,Egypt,Egipto
HEGN,Hurghada International Airport,27.176776,33.796692,AF,EG,HEGN,HRG,,Egypt,Egipto
HESH,Sharm El Sheikh International Airport,27.977272,34.394717,AS,EG,HESH,SSH,,Egypt,Egipto
HJJJ,Juba International Airport,4.87201,31.601101,AF,SS,HJJJ,JUB,,South Sudan,Surinam
HKJK,Jomo Kenyatta International Airport,-1.31923997402,36.9277992249,AF,KE,HKJK,NBO,,Kenya,Kenia
HKMO,Moi International Airport,-4.03483,39.5942,AF,KE,HKMO,MBA,,Kenya,Kenia
HLLM,Mitiga International Airport,32.89177,13.287878,AF,LY,HLLM,MJI,,Libya,Libia
HRYR,Kigali International Airport,-1.96863,30.1395,AF,RW,HRYR,KGL,,Rwanda,Ruanda
HSSK,Khartoum International Airport,15.5895,32.5532,AF,SD,HSSK,KRT,,Sudan,Sudán
HTDA,Julius Nyerere International Airport,-6.87811,39.202599,AF,TZ,HTDA,DAR,,Tanzania,Tanzania
HTZA,Abeid Amani Karume International Airport,-6.22202,39.224899,AF,TZ,HTZA,ZNZ,,Tanzania,Tanzania
HUEN,Entebbe International Airport,0.042386,32.443501,AF,UG,HUEN,EBB,,Uganda,Uganda
KATL,Hartsfield Jackson Atlanta International Airport,33.6367,-84.428101,,US,KATL,ATL,ATL,United States,Estados Unidos
KBNA,Nashville International Airport,36.1245,-86.6782,,US,KBNA,BNA,BNA,United States,Estados Unidos
KBUF,Buffalo Niagara International Airport,42.940498,-78.732201,,US,KBUF,BUF,BUF,United States,Estados Unidos
KBWI,Baltimore/Washington International Thurgood Marshall Airport,39.1754,-76.668297,,US,KBWI,BWI,BWI,United States,Estados Unidos
KCLT,Charlotte Douglas International Airport,35.2140007019043,-80.94309997558594,,US,KCLT,CLT,CLT,United States,Estados Unidos
KDEN,Denver International Airport,39.861698150635,-104.672996521,,US,KDEN,DEN,DEN,United States,Estados Unidos
KDFW,Dallas Fort Worth International Airport,32.896801,-97.038002,,US,KDFW,DFW,DFW,United States,Estados Unidos
KDTW,Detroit Metropolitan Wayne County Airport,42.21377,-83.353786,,US,KDTW,DTW,DTW,United States,Estados Unidos
KIAD,Washington Dulles International Airport,38.9445,-77.455803,,US,KIAD,IAD,IAD,United States,Estados Unidos
KJAX,Jacksonville International Airport,30.492469,-81.687813,,US,KJAX,JAX,JAX,United States,Estados Unidos
KJFK,John F Kennedy International Airport,40.639447,-73.779317,,US,KJFK,JFK,JFK,United States,Estados Unidos
KLAS,Harry Reid International Airport,36.083361,-115.151817,,US,KLAS,LAS,LAS,United States,Estados Unidos
KLAX,Los Angeles International Airport,33.942501,-118.407997,,US,KLAX,LAX,LAX,United States,Estados Unidos
KLGA,LaGuardia Airport,40.777199,-73.872597,,US,KLGA,LGA,LGA,United States,Estados Unidos
KMCI,Kansas City International Airport,39.2976,-94.713898,,US,KMCI,MCI,MCI,United States,Estados Unidos
KMCO,Orlando International Airport,28.429399490356445,-81.30899810791016,,US,KMCO,MCO,MCO,United States,Estados Unidos
KMDW,Chicago Midway International Airport,41.785999,-87.752403,,US,KMDW,MDW,MDW,United States,Estados Unidos
KMEM,Memphis International Airport,35.0424,-89.9767,,US,KMEM,MEM,MEM,United States,Estados Unidos
KMIA,Miami International Airport,25.79319953918457,-80.29060363769531,,US,KMIA,MIA,MIA,United States,Estados Unidos
KMSP,Minneapolis–Saint Paul International Airport,44.880081,-93.221741,,US,KMSP,MSP,MSP,United States,Estados Unidos
KMSY,Louis Armstrong New Orleans International Airport,29.993401,-90.258003,,US,KMSY,MSY,MSY,United States,Estados Unidos
KOAK,San Francisco Bay Oakland International Airport,37.720085,-122.221184,,US,KOAK,OAK,OAK,United States,Estados Unidos
KOKC,Will Rogers World Airport,35.393388,-97.598248,,US,KOKC,OKC,OKC,United States,Estados Unidos
KOMA,Eppley Airfield,41.3032,-95.894096,,US,KOMA,OMA,OMA,United States,Estados Unidos
KONT,Ontario International Airport,34.056,-117.600998,,US,KONT,ONT,ONT,United States,Estados Unidos
KORD,Chicago O'Hare International Airport,41.9786,-87.9048,,US,KORD,ORD,ORD,United States,Estados Unidos
KORF,Norfolk International Airport,36.895341,-76.201,,US,KORF,ORF,ORF,United States,Estados Unidos
KPBI,Palm Beach International Airport,26.683201,-80.095596,,US,KPBI,PBI,PBI,United States,Estados Unidos
KPDX,Portland International Airport,45.588699,-122.598,,US,KPDX,PDX,PDX,United States,Estados Unidos
KPHL,Philadelphia International Airport,39.871899,-75.241096,,US,KPHL,PHL,PHL,United States,Estados Unidos
KPHX,Phoenix Sky Harbor International Airport,33.435302,-112.005905,,US,KPHX,PHX,PHX,United States,Estados Unidos
KPIT,Pittsburgh International Airport,40.491501,-80.232903,,US,KPIT,PIT,PIT,United States,Estados Unidos
KPVD,Theodore Francis Green State Airport,41.725038,-71.425668,,US,KPVD,PVD,PVD,United States,Estados Unidos
KPWM,Portland International Jetport,43.646198,-70.309303,,US,KPWM,PWM,PWM,United States,Estados Unidos
KRDU,Raleigh Durham International Airport,35.877602,-78.787498,,US,KRDU,RDU,RDU,United States,Estados Unidos
KRIC,Richmond International Airport,37.505199,-77.319702,,US,KRIC,RIC,RIC,United States,Estados Unidos
KRNO,Reno Tahoe International Airport,39.4991,-119.767998,,US,KRNO,RNO,RNO,United States,Estados Unidos
KRSW,Southwest Florida International Airport,26.53619956970215,-81.75520324707031,,US,KRSW,RSW,RSW,United States,Estados Unidos
KSAN,San Diego International Airport,32.7336006165,-117.190002441,,US,KSAN,SAN,SAN,United States,Estados Unidos
KSAT,San Antonio International Airport,29.533701,-98.469803,,US,KSAT,SAT,SAT,United States,Estados Unidos
KSAV,Savannah Hilton Head International Airport,32.127602,-81.202103,,US,KSAV,SAV,SAV,United States,Estados Unidos
KSDF,Louisville Muhammad Ali International Airport,38.1744,-85.736,,US,KSDF,SDF,SDF,United States,Estados Unidos
KSEA,Seattle–Tacoma International Airport,47.447943,-122.310276,,US,KSEA,SEA,SEA,United States,Estados Unidos
KSFB,Orlando Sanford International Airport,28.7775993347168,-81.23750305175781,,US,KSFB,SFB,SFB,United States,Estados Unidos
KSFO,San Francisco International Airport,37.619806,-122.374821,,US,KSFO,SFO,SFO,United States,Estados Unidos
KSJC,Norman Y. Mineta San Jose International Airport,37.362452,-121.929188,,US,KSJC,SJC,SJC,United States,Estados Unidos
KSLC,Salt Lake City International Airport,40.78886,-111.979866,,US,KSLC,SLC,SLC,United States,Estados Unidos
KSMF,Sacramento International Airport,38.6954,-121.591003,,US,KSMF,SMF,SMF,United States,Estados Unidos
KSNA,John Wayne Orange County International Airport,33.675701,-117.867996,,US,KSNA,SNA,SNA,United States,Estados Unidos
KSRQ,Sarasota Bradenton International Airport,27.394631,-82.554359,,US,KSRQ,SRQ,SRQ,United States,Estados Unidos
KSTL,St. Louis Lambert International Airport,38.748697,-90.370003,,US,KSTL,STL,STL,United States,Estados Unidos
KSYR,Syracuse Hancock International Airport,43.11119842529297,-76.1063003540039,,US,KSYR,SYR,SYR,United States,Estados Unidos
KTPA,Tampa International Airport,27.9755,-82.533203,,US,KTPA,TPA,TPA,United States,Estados Unidos
KTUL,Tulsa International Airport,36.19839859008789,-95.88809967041016,,US,KTUL,TUL,TUL,United States,Estados Unidos
LATI,Tirana International Airport Mother Teresa,41.4147,19.7206,EU,AL,LATI,TIA,,Albania,Albania
LBBG,Burgas Airport,42.569917,27.515173,EU,BG,LBBG,BOJ,,Bulgaria,Bulgaria
LBSF,Sofia Airport,42.696357,23.417671,EU,BG,LBSF,SOF,,Bulgaria,Bulgaria
LBWN,Varna Airport,43.232101,27.8251,EU,BG,LBWN,VAR,,Bulgaria,Bulgaria
LCLK,Larnaca International Airport,34.875099,33.624901,AS,CY,LCLK,LCA,,Cyprus,Chipre
LDZA,Zagreb Franjo Tuđman International Airport,45.742901,16.0688,EU,HR,LDZA,ZAG,,Croatia,Croacia
LEAL,Alicante-Elche Miguel Hernández Airport,38.2822,-0.558156,EU,ES,LEAL,ALC,,Spain,España
LEAS,Asturias Airport,43.563599,-6.03462,EU,ES,LEAS,OVD,,Spain,España
LEBA,Córdoba Airport,37.841999,-4.84888,EU,ES,LEBA,ODB,,Spain,España
LEBB,Bilbao Airport,43.301102,-2.91061,EU,ES,LEBB,BIO,,Spain,España
LEBG,Burgos Airport,42.357601,-3.62076,EU,ES,LEBG,RGS,,Spain,España
LEBL,Josep Tarradellas Barcelona-El Prat Airport,41.2971,2.07846,EU,ES,LEBL,BCN,,Spain,España
LEBZ,Badajoz Airport,38.8913,-6.82133,EU,ES,LEBZ,BJZ,,Spain,España
LECH,Castellón-Costa Azahar Airport,40.213889,0.073333,EU,ES,LECH,CDT,,Spain,España
LECO,A Coruña Airport,43.302101,-8.37726,EU,ES,LECO,LCG,,Spain,España
LEGE,Girona-Costa Brava Airport,41.904639,2.761774,EU,ES,LEGE,GRO,,Spain,España
LEGR,F.G.L. Airport Granada-Jaén Airport,37.188702,-3.77736,EU,ES,LEGR,GRX,,Spain,España
LEIB,Ibiza Airport,38.872898,1.37312,EU,ES,LEIB,IBZ,,Spain,España
LEJR,Jerez Airport,36.744598,-6.06011,EU,ES,LEJR,XRY,,Spain,España
LELC,San Javier Airport,37.775002,-0.812389,EU,ES,LELC,MJV,,Spain,España
LELN,León Airport,42.589001,-5.65556,EU,ES,LELN,LEN,,Spain,España
LEMD,Adolfo Suárez Madrid–Barajas Airport,40.471926,-3.56264,EU,ES,LEMD,MAD,,Spain,España
LEMG,Málaga-Costa del Sol Airport,36.6749,-4.49911,EU,ES,LEMG,AGP,,Spain,España
LEMH,Menorca Airport,39.862598,4.21865,EU,ES,LEMH,MAH,,Spain,España
LEMI,Región de Murcia International Airport,37.803,-1.125,EU,ES,LEMI,RMU,,Spain,España
LEPA,Palma de Mallorca Airport,39.551701,2.73881,EU,ES,LEPA,PMI,,Spain,España
LEPP,Pamplona Airport,42.77,-1.64633,EU,ES,LEPP,PNA,,Spain,España
LERL,Ciudad Real International Airport,38.856479,-3.969944,EU,ES,LERL,CQM,,Spain,España
LESA,Salamanca Airport,40.952099,-5.50199,EU,ES,LESA,SLM,,Spain,España
LESO,San Sebastián Airport,43.356499,-1.79061,EU,ES,LESO,EAS,,Spain,España
LEST,Santiago-Rosalía de Castro Airport,42.896301,-8.41514,EU,ES,LEST,SCQ,,Spain,España
LETL,Teruel Airport,40.410269,-1.217366,EU,ES,LETL,TEV,,Spain,España
LEVC,Valencia Airport,39.4893,-0.481625,EU,ES,LEVC,VLC,,Spain,España
LEVD,Valladolid Airport,41.7061,-4.85194,EU,ES,LEVD,VLL,,Spain,España
LEVT,Vitoria Airport,42.882801,-2.72447,EU,ES,LEVT,VIT,,Spain,España
LEVX,Vigo Airport,42.2318,-8.62677,EU,ES,LEVX,VGO,,Spain,España
LEXJ,Seve Ballesteros-Santander Airport,43.427101,-3.82001,EU,ES,LEXJ,SDR,,Spain,España
LEZG,Zaragoza Airport,41.666199,-1.04155,EU,ES,LEZG,ZAZ,,Spain,España
LEZL,Sevilla Airport,37.417999,-5.89311,EU,ES,LEZL,SVQ,,Spain,España
LFBD,Bordeaux-Mérignac Airport,44.8283,-0.715556,EU,FR,LFBD,BOD,,France,Francia
LFBO,Toulouse-Blagnac Airport,43.629101,1.36382,EU,FR,LFBO,TLS,,France,Francia
LFLL,Lyon Saint-Exupéry Airport,45.725996,5.090139,EU,FR,LFLL,LYS,,France,Francia
LFML,Marseille Provence Airport,43.438088,5.2125,EU,FR,LFML,MRS,,France,Francia
LFMN,Nice-Côte d'Azur Airport,43.658401,7.21587,EU,FR,LFMN,NCE,,France,Francia
LFPG,Charles de Gaulle International Airport,49.012798,2.55,EU,FR,LFPG,CDG,,France,Francia
LFPO,Paris-Orly Airport,48.72333,2.37944,EU,FR,LFPO,ORY,,France,Francia
LFSB,EuroAirport Basel-Mulhouse-Freiburg,47.60068,7.521117,EU,FR,LFSB,BSL,,France,Francia
LGAV,Athens Eleftherios Venizelos International Airport,37.936401,23.9445,EU,GR,LGAV,ATH,,Greece,Grecia
LGIR,Heraklion International Nikos Kazantzakis Airport,35.339699,25.1803,EU,GR,LGIR,HER,,Greece,Grecia
LGTS,Thessaloniki Macedonia International Airport,40.51928,22.970009,EU,GR,LGTS,SKG,,Greece,Grecia
LHBP,Budapest Liszt Ferenc International Airport,47.43018,19.262393,EU,HU,LHBP,BUD,,Hungary,Hungría
LIBD,Bari Karol Wojtyła International Airport,41.138901,16.760599,EU,IT,LIBD,BRI,BA02,Italy,Italia
LIBR,Brindisi Airport,40.6576,17.947001,EU,IT,LIBR,BDS,BR03,Italy,Italia
LICC,Catania-Fontanarossa Airport,37.466801,15.0664,EU,IT,LICC,CTA,CT03,Italy,Italia
LICJ,Falcone–Borsellino Airport,38.175999,13.091,EU,IT,LICJ,PMO,PA03,Italy,Italia
LIEE,Cagliari Elmas Airport,39.251499,9.05428,EU,IT,LIEE,CAG,CA07,Italy,Italia
LIMC,Milan Malpensa International Airport,45.6306,8.72811,EU,IT,LIMC,MXP,MI12,Italy,Italia
LIMF,Turin Airport,45.200802,7.64963,EU,IT,LIMF,TRN,TO11,Italy,Italia
LIPE,Bologna Guglielmo Marconi Airport,44.5354,11.2887,EU,IT,LIPE,BLQ,BO08,Italy,Italia
LIPX,Verona Villafranca Valerio Catullo Airport,45.394955,10.887303,EU,IT,LIPX,VRN,VR10,Italy,Italia
LIPZ,Venice Marco Polo Airport,45.505299,12.3519,EU,IT,LIPZ,VCE,VE05,Italy,Italia
LIRF,Rome–Fiumicino Leonardo da Vinci International Airport,41.804532,12.251998,EU,IT,LIRF,FCO,RM11,Italy,Italia
LIRN,Naples International Airport,40.886002,14.2908,EU,IT,LIRN,NAP,NA01,Italy,Italia
LIRP,Pisa International Airport,43.683899,10.3927,EU,IT,LIRP,PSA,PI05,Italy,Italia
LJLJ,Ljubljana Jože Pučnik Airport,46.223701,14.4576,EU,SI,LJLJ,LJU,,Slovenia,Eslovenia
LKPR,Václav Havel Airport Prague,50.100874,14.259911,EU,CZ,LKPR,PRG,,Czech Republic,República Checa
LLBG,Ben Gurion International Airport,32.011398,34.8867,AS,IL,LLBG,TLV,,Israel,Israel
LLER,Ramon International Airport,29.727009,35.014116,AS,IL,LLER,ETM,,Israel,Israel
LMML,Malta International Airport,35.857498,14.4775,EU,MT,LMML,MLA,,Malta,Malta
LOWW,Vienna International Airport,48.110298,16.5697,EU,AT,LOWW,VIE,,Austria,Austria
LPFR,Faro Airport,37.0144004822,-7.96590995789,EU,PT,LPFR,FAO,,Portugal,Portugal
LPMA,Madeira International Airport Cristiano Ronaldo,32.697899,-16.7745,EU,PT,LPMA,FNC,,Portugal,Portugal
LPPD,João Paulo II Airport,37.7411994934,-25.6979007721,EU,PT,LPPD,PDL,,Portugal,Portugal
LPPR,Francisco de Sá Carneiro Airport,41.2481002808,-8.68138980865,EU,PT,LPPR,OPO,,Portugal,Portugal
LPPT,Humberto Delgado Airport (Lisbon Portela Airport),38.7813,-9.13592,EU,PT,LPPT,LIS,,Portugal,Portugal
LROP,Bucharest Henri Coandă International Airport,44.572127,26.103396,EU,RO,LROP,OTP,,Romania,Rumania
LSGG,Geneva Cointrin International Airport,46.238098,6.10895,EU,CH,LSGG,GVA,,Switzerland,Suiza
LSZH,Zürich Airport,47.458056,8.548056,EU,CH,LSZH,ZRH,,Switzerland,Suiza
LTAC,Esenboğa International Airport,40.128101,32.995098,AS,TR,LTAC,ESB,,Turkey,Turquía
LTAI,Antalya International Airport,36.898701,30.800501,AS,TR,LTAI,AYT,,Turkey,Turquía
LTBA,İstanbul Atatürk Airport,40.971913,28.823714,EU,TR,LTBA,ISL,,Turkey,Turquía
LTBJ,Adnan Menderes International Airport,38.2924,27.157,AS,TR,LTBJ,ADB,,Turkey,Turquía
LTBS,Dalaman International Airport,36.7131004333,28.7924995422,AS,TR,LTBS,DLM,,Turkey,Turquía
LTFE,Milas Bodrum International Airport,37.250599,27.664301,AS,TR,LTFE,BJV,,Turkey,Turquía
LTFJ,Istanbul Sabiha Gökçen International Airport,40.898602,29.3092,AS,TR,LTFJ,SAW,,Turkey,Turquía
LTFM,İstanbul Airport,41.261297,28.741951,EU,TR,LTFM,IST,,Turkey,Turquía
LWSK,Skopje International Airport,41.958087,21.622581,EU,MK,LWSK,SKP,,North Macedonia,Macedonia
LXGB,Gibraltar Airport,36.151199,-5.34966,EU,GI,LXGB,GIB,,Gibraltar,Gibraltar
LYBE,Belgrade Nikola Tesla Airport,44.818401,20.309099,EU,RS,LYBE,BEG,,Serbia,Serbia
LYPG,Podgorica Airport,42.359402,19.2519,EU,ME,LYPG,TGD,,Montenegro,Montenegro
LZIB,M. R. Štefánik Airport,48.1702,17.2127,EU,SK,LZIB,BTS,,Slovakia,Svalbard y Jan Mayen
MBPV,Providenciales International Airport,21.773697,-72.268321,,TC,MBPV,PLS,,Turks and Caicos Islands,Islas Turcas y Caicos
MDLR,Casa De Campo International Airport,18.452222,-68.911111,,DO,MDLR,LRM,,Dominican Republic,República Dominicana
MDPC,Punta Cana International Airport,18.5674,-68.363403,,DO,MDPC,PUJ,,Dominican Republic,República Dominicana
MDSD,Las Américas International Airport,18.42970085144,-69.668899536133,,DO,MDSD,SDQ,,Dominican Republic,República Dominicana
MGGT,La Aurora Airport,14.5833,-90.527496,,GT,MGGT,GUA,,Guatemala,Guatemala
MKJP,Norman Manley International Airport,17.935699462890625,-76.7874984741211,,JM,MKJP,KIN,,Jamaica,Jamaica
MMCZ,Aeropuerto Internacional de Cozumel,20.511425,-86.930287,,MX,MMCZ,CZM,,Mexico,México
MMDO,Aeropuerto Internacional General Guadalupe Victoria,24.125908,-104.533904,,MX,MMDO,DGO,,Mexico,México
MMGL,Guadalajara International Airport,20.523342,-103.310108,,MX,MMGL,GDL,GDL,Mexico,México
MMMD,Aeropuerto Internacional Manuel Crescencio Rejón,20.933384,-89.662621,,MX,MMMD,MID,,Mexico,México
MMMX,Benito Juárez International Airport,19.435137,-99.071328,,MX,MMMX,MEX,ME1,Mexico,México
MMMY,Monterrey International Airport,25.778521,-100.106989,,MX,MMMY,MTY,,Mexico,México
MMMZ,General Rafael Buelna International Airport,23.161474,-106.264572,,MX,MMMZ,MZT,,Mexico,México
MMPR,Puerto Vallarta International Airport,20.679913,-105.254391,,MX,MMPR,PVR,,Mexico,México
MMSD,Aeropuerto Internacional de Los Cabos,23.151919,-109.720731,,MX,MMSD,SJD,,Mexico,México
MMSF,Aeropuerto Internacional San Felipe,30.931996,-114.80847,,MX,MMSF,SFH,SFE,Mexico,México
MMSM,Aeropuerto Internacional General Felipe Ángeles,19.7357,-99.0257,,MX,MMSM,NLU,SLM,Mexico,México
MMTJ,Aeropuerto Internacional Gral. Abelardo Rodriguez,32.545963,-116.975856,,MX,MMTJ,TIJ,,Mexico,México
MMUN,Aeropuerto Internacional de Cancún,21.039444,-86.874304,,MX,MMUN,CUN,,Mexico,México
MPTO,Tocumen International Airport,9.07136,-79.383499,,PA,MPTO,PTY,,Panama,Panamá
MRLB,Guanacaste Airport,10.5933,-85.544403,,CR,MRLB,LIR,,Costa Rica,Costa Rica
MSLP,Monseñor Óscar Arnulfo Romero International Airport,13.4409,-89.055702,,SV,MSLP,SAL,,El Salvador,El Salvador
MTPP,Toussaint Louverture International Airport,18.58,-72.292503,,HT,MTPP,PAP,,Haiti,Haití
MUHA,José Martí International Airport,22.989200592041016,-82.40910339355469,,CU,MUHA,HAV,,Cuba,Cuba
MUVR,Juan Gualberto Gomez International Airport,23.034401,-81.435303,,CU,MUVR,VRA,,Cuba,Cuba
MWCR,Owen Roberts International Airport,19.292801,-81.357697,,KY,MWCR,GCM,,Cayman Islands,Islas Caimán
MYNN,Lynden Pindling International Airport,25.039,-77.466202,,BS,MYNN,NAS,,Bahamas,Bahamas
MZBZ,Philip S. W. Goldson International Airport,17.539951,-88.303556,,BZ,MZBZ,BZE,,Belize,Belice
NTAA,Faa'a International Airport,-17.553699,-149.606995,OC,PF,NTAA,PPT,,French Polynesia,Polinesia Francesa
NVVV,Bauerfield International Airport,-17.699301,168.320007,OC,VU,NVVV,VLI,,Vanuatu,Vanuatu
NZAA,Auckland International Airport,-37.01199,174.786331,OC,NZ,NZAA,AKL,,New Zealand,Nueva Zelanda
NZCH,Christchurch International Airport,-43.48939895629883,172.53199768066406,OC,NZ,NZCH,CHC,,New Zealand,Nueva Zelanda
NZWN,Wellington International Airport,-41.3272018433,174.804992676,OC,NZ,NZWN,WLG,,New Zealand,Nueva Zelanda
OBBI,Bahrain International Airport,26.267295,50.63764,AS,BH,OBBI,BAH,,Bahrain,Baréin
OEDF,King Fahd International Airport,26.471201,49.797901,AS,SA,OEDF,DMM,,Saudi Arabia,Arabia Saudita
OEJN,King Abdulaziz International Airport,21.6796,39.156502,AS,SA,OEJN,JED,,Saudi Arabia,Arabia Saudita
OEMA,Prince Mohammad Bin Abdulaziz Airport,24.5534,39.705101,AS,SA,OEMA,MED,,Saudi Arabia,Arabia Saudita
OERK,King Khaled International Airport,24.9576,46.698799,AS,SA,OERK,RUH,,Saudi Arabia,Arabia Saudita
OIIE,Imam Khomeini International Airport,35.416099548339844,51.15219879150391,AS,IR,OIIE,IKA,,Iran,Irán
OIII,Mehrabad International Airport,35.68920135498047,51.31340026855469,AS,IR,OIII,THR,,Iran,Irán
OIMM,Mashhad International Airport,36.235198974609375,59.64099884033203,AS,IR,OIMM,MHD,,Iran,Irán
OISS,Shiraz Shahid Dastghaib International Airport,29.5392,52.589802,AS,IR,OISS,SYZ,,Iran,Irán
OJAI,Queen Alia International Airport,31.7226009369,35.9931983948,AS,JO,OJAI,AMM,,Jordan,Jordania
OKBK,Kuwait International Airport,29.226601,47.968899,AS,KW,OKKK,KWI,,Kuwait,Kuwait
OLBA,Beirut Rafic Hariri International Airport,33.820899963378906,35.488399505615234,AS,LB,OLBA,BEY,,Lebanon,Líbano
OMAA,Zayed International Airport,24.443764,54.651718,AS,AE,OMAA,AUH,,United Arab Emirates,Emiratos Árabes Unidos
OMDB,Dubai International Airport,25.2527999878,55.3643989563,AS,AE,OMDB,DXB,,United Arab Emirates,Emiratos Árabes Unidos
OMDW,Al Maktoum International Airport,24.896356,55.161389,AS,AE,OMDW,DWC,,United Arab Emirates,Emiratos Árabes Unidos
OMSJ,Sharjah International Airport,25.3286,55.5172,AS,AE,OMSJ,SHJ,,United Arab Emirates,Emiratos Árabes Unidos
OOMS,Muscat International Airport,23.5933,58.284401,AS,OM,OOMS,MCT,,Oman,Omán
OPIS,Islamabad International Airport,33.549,72.82566,AS,PK,OPIS,ISB,,Pakistan,Pakistán
OPKC,Jinnah International Airport,24.9065,67.160797,AS,PK,OPKC,KHI,,Pakistan,Pakistán
OPLA,Allama Iqbal International Airport,31.521601,74.403603,AS,PK,OPLA,LHE,,Pakistan,Pakistán
OSDI,Damascus International Airport,33.4114990234375,36.51559829711914,AS,SY,OSDI,DAM,,Syria,Siria
OTHH,Hamad International Airport,25.273056,51.608056,AS,QA,OTHH,DOH,,Qatar,Catar
PANC,Ted Stevens Anchorage International Airport,61.179004,-149.992561,,US,PANC,ANC,ANC,United States,Estados Unidos
PGUM,Antonio B. Won Pat International Airport,13.4834,144.796005,OC,GU,PGUM,GUM,GUM,Guam,Guam
PHNL,Daniel K Inouye International Airport,21.32062,-157.924228,OC,US,PHNL,HNL,HNL,United States,Estados Unidos
PHOG,Kahului International Airport,20.896263,-156.431837,,US,PHOG,OGG,OGG,United States,Estados Unidos
RCKH,Kaohsiung International Airport,22.577101,120.349998,AS,TW,RCKH,KHH,,Taiwan,Taiwán
RCTP,Taiwan Taoyuan International Airport,25.0777,121.233002,AS,TW,RCTP,TPE,,Taiwan,Taiwán
RJAA,Narita International Airport,35.764702,140.386002,AS,JP,RJAA,NRT,,Japan,Japón
RJBB,Kansai International Airport,34.427299,135.244003,AS,JP,RJBB,KIX,,Japan,Japón
RJCC,New Chitose Airport,42.7752,141.692001,AS,JP,RJCC,CTS,,Japan,Japón
RJFF,Fukuoka Airport,33.585899353027344,130.4510040283203,AS,JP,RJFF,FUK,,Japan,Japón
RJFK,Kagoshima Airport,31.8034,130.718994,AS,JP,RJFK,KOJ,,Japan,Japón
RJGG,Chubu Centrair International Airport,34.858398,136.804993,AS,JP,RJGG,NGO,,Japan,Japón
RJOO,Osaka International Airport,34.7855,135.438004,AS,JP,RJOO,ITM,,Japan,Japón
RJSS,Sendai Airport,38.139702,140.917007,AS,JP,RJSS,SDJ,,Japan,Japón
RJTT,Tokyo Haneda International Airport,35.552299,139.779999,AS,JP,RJTT,HND,,Japan,Japón
RKPC,Jeju International Airport,33.512058,126.492548,AS,KR,RKPC,CJU,,South Korea,Corea del Sur
RKPK,Gimhae International Airport,35.179501,128.938004,AS,KR,RKPK,PUS,,South Korea,Corea del Sur
RKSI,Incheon International Airport,37.469101,126.450996,AS,KR,RKSI,ICN,,South Korea,Corea del Sur
RKSS,Gimpo International Airport,37.5583,126.791,AS,KR,RKSS,GMP,,South Korea,Corea del Sur
RPLL,Ninoy Aquino International Airport,14.5086,121.019997,AS,PH,RPLL,MNL,,Philippines,Filipinas
RPMD,Francisco Bangoy International Airport,7.12552,125.646004,AS,PH,RPMD,DVO,,Philippines,Filipinas
RPVM,Mactan Cebu International Airport,10.309261,123.97974,AS,PH,RPVM,CEB,,Philippines,Filipinas
SABE,Jorge Newbery Airpark,-34.5592,-58.4156,SA,AR,SABE,AEP,AER,Argentina,Argentina
SAEZ,Minister Pistarini International Airport,-34.8222,-58.5358,SA,AR,SAEZ,EZE,EZE,Argentina,Argentina
SBBE,Val de Cans/Júlio Cezar Ribeiro International Airport,-1.379279,-48.476207,SA,BR,SBBE,BEL,PA0001,Brazil,Brasil
SBBR,Presidente Juscelino Kubitschek International Airport,-15.869167,-47.920834,SA,BR,SBBR,BSB,DF0001,Brazil,Brasil
SBGR,Guarulhos International Airport,-23.431944,-46.467778,SA,BR,SBGR,GRU,SP0002,Brazil,Brasil
SBPS,Porto Seguro Airport,-16.438426,-39.080584,SA,BR,SBPS,BPS,BA0002,Brazil,Brasil
SBVT,Eurico de Aguiar Salles Airport,-20.258,-40.285,SA,BR,SBVT,VIX,ES0001,Brazil,Brasil
SCEL,Comodoro Arturo Merino Benítez International Airport,-33.393001,-70.785797,SA,CL,SCEL,SCL,,Chile,Chile
SEGU,José Joaquín de Olmedo International Airport,-2.15742,-79.883598,SA,EC,SEGU,GYE,,Ecuador,Ecuador
SEQM,Mariscal Sucre International Airport,-0.125399,-78.354306,SA,EC,SEQM,UIO,UIO,Ecuador,Ecuador
SGAS,Silvio Pettirossi International Airport.,-25.240156,-57.519227,SA,PY,SGAS,ASU,,Paraguay,Paraguay
SGEN,Aeropuerto Internacional Tte. Amin Ayub González,-27.221691,-55.833807,SA,PY,SGEN,ENO,,Paraguay,Paraguay
SGES,Aeropuerto Internacional Guaraní,-25.457186,-54.839544,SA,PY,SGES,AGT,,Paraguay,Paraguay
SGME,Aeropuerto Internacional Dr. Luis Maria Argaña,-22.033912,-60.618964,SA,PY,SGME,ESG,,Paraguay,Paraguay
SKBO,El Dorado International Airport,4.70159,-74.1469,SA,CO,SKBO,BOG,BOG,Colombia,Colombia
SLVR,Viru Viru International Airport,-17.6448,-63.135399,SA,BO,SLVR,VVI,,Bolivia,Bolivia
SMJP,Johan Adolf Pengel International Airport,5.45283,-55.187801,SA,SR,SMJP,PBM,,Suriname,Somalia
SOCA,Cayenne – Félix Eboué Airport,4.819964,-52.361326,SA,GF,SOCA,CAY,,French Guiana,Guayana Francesa
SPIM,Jorge Chávez International Airport,-12.0219,-77.114305,SA,PE,SPJC,LIM,,Peru,Perú
SPZO,Alejandro Velasco Astete International Airport,-13.535699844400002,-71.9387969971,SA,PE,SPZO,CUZ,,Peru,Perú
SUMU,Carrasco General Cesáreo L. Berisso International Airport,-34.835647,-56.026497,SA,UY,SUMU,MVD,,Uruguay,Uruguay
SVBC,General José Antonio Anzoategui International Airport,10.111111,-64.692222,SA,VE,SVBC,BLA,,Venezuela,Venezuela
SVMI,Simón Bolívar International Airport,10.601194,-66.991222,SA,VE,SVMI,CCS,,Venezuela,Venezuela
TFFF,Martinique Aimé Césaire International Airport,14.591,-61.003201,,MQ,TFFF,FDF,,Martinique,Martinica
TFFR,Pointe-à-Pitre Le Raizet International  Airport,16.265301,-61.531799,,GP,TFFR,PTP,,Guadeloupe,Guadalupe
TJSJ,Luis Munoz Marin International Airport,18.4394,-66.001801,,PR,TJSJ,SJU,SJU,Puerto Rico,Puerto Rico
TLPL,Hewanorra International Airport,13.7332,-60.952599,,LC,TLPL,UVF,,Saint Lucia,Santa Lucía
TNCA,Queen Beatrix International Airport,12.5014,-70.015198,,AW,TNCA,AUA,,Aruba,Aruba
TNCB,Flamingo International Airport,12.131,-68.268501,,BQ,TNCB,BON,,Desconocido,Desconocido
TNCC,Hato International Airport,12.1889,-68.959801,,CW,TNCC,CUR,,Curaçao,Curazao
TNCM,Princess Juliana International Airport,18.041,-63.108898,,SX,TNCM,SXM,,Desconocido,Desconocido
UAAA,Almaty International Airport,43.354267,77.042828,AS,KZ,UAAA,ALA,,Kazakhstan,Kazajistán
UACC,Nursultan Nazarbayev International Airport,51.027035,71.467094,AS,KZ,UACC,NQZ,,Kazakhstan,Kazajistán
UAFM,Manas International Airport,43.0612983704,74.4776000977,AS,KG,UCFM,FRU,,Kyrgyzstan,Kirguistán
UBBB,Heydar Aliyev International Airport,40.46749877929688,50.04669952392578,AS,AZ,UBBB,GYD,,Azerbaijan,Azerbaiyán
UDYZ,Zvartnots International Airport,40.1473007202,44.3959007263,AS,AM,UDYZ,EVN,,Armenia,Armenia
UGTB,Tbilisi International Airport,41.669201,44.9547,AS,GE,UGTB,TBS,,Georgia,Georgia
UHWW,Vladivostok International Airport,43.396256,132.148155,EU,RU,UHWW,VVO,,Russia,Rusia
UKBB,Boryspil International Airport,50.345001,30.894699,EU,UA,UKBB,KBP,,Ukraine,Ucrania
UKLL,Lviv International Airport,49.8125,23.9561,EU,UA,UKLL,LWO,,Ukraine,Ucrania
UMMS,Minsk National Airport,53.888071,28.039964,EU,BY,UMMS,MSQ,,Belarus,Bielorrusia
UNKL,Krasnoyarsk International Airport,56.173077,92.492437,EU,RU,UNKL,KJA,,Russia,Rusia
UNNT,Novosibirsk Tolmachevo Airport,55.019756,82.618675,EU,RU,UNNT,OVB,,Russia,Rusia
URSS,Sochi International Airport,43.449902,39.9566,EU,RU,URSS,AER,,Russia,Rusia
UTAA,Ashgabat International Airport,37.986801,58.361,AS,TM,UTAA,ASB,,Turkmenistan,Turkmenistán
UTTT,Tashkent International Airport,41.257900238,69.2811965942,AS,UZ,UTTT,TAS,,Uzbekistan,Uzbekistán
UWKD,Kazan International Airport,55.606201171875,49.278701782227,EU,RU,UWKD,KZN,,Russia,Rusia
VABB,Chhatrapati Shivaji International Airport,19.0886993408,72.8678970337,AS,IN,VABB,BOM,,India,India
VAGO,Dabolim Airport,15.3808,73.831398,AS,IN,VOGO,GOI,,India,India
VAHS,Rajkot International Airport,22.378824,71.039391,AS,IN,VAHS,HSR,,India,India
VCBI,Bandaranaike International Colombo Airport,7.180759906768799,79.88410186767578,AS,LK,VCBI,CMB,,Sri Lanka,Sri Lanka
VCRI,Mattala Rajapaksa International Airport,6.284467,81.124128,AS,LK,VCRI,HRI,VCRI,Sri Lanka,Sri Lanka
VDPP,Phnom Penh International Airport,11.5466,104.844002,AS,KH,VDPP,PNH,,Cambodia,Camboya
VDSA,Siem Reap-Angkor International Airport,13.369167,104.223056,AS,KH,VDSA,SAI,,Cambodia,Camboya
VECC,Netaji Subhash Chandra Bose International Airport,22.654699,88.446701,AS,IN,VECC,CCU,,India,India
VGZR,Hazrat Shahjalal International Airport,23.843347,90.397783,AS,BD,VGHS,DAC,,Bangladesh,Bangladés
VHHH,Hong Kong International Airport,22.308901,113.915001,AS,HK,VHHH,HKG,,Hong Kong,Hong Kong
VIDP,Indira Gandhi International Airport,28.55563,77.09519,AS,IN,VIDP,DEL,,India,India
VMMC,Macau International Airport,22.149599,113.592003,AS,MO,VMMC,MFM,,Macau,Macao
VNKT,Tribhuvan International Airport,27.6966,85.3591,AS,NP,VNKT,KTM,,Nepal,Nepal
VOBL,Kempegowda International Airport,13.1979,77.706299,AS,IN,VOBL,BLR,,India,India
VOCI,Cochin International Airport,10.152,76.401901,AS,IN,VOCI,COK,,India,India
VOHS,Rajiv Gandhi International Airport,17.231318,78.429855,AS,IN,VOHS,HYD,,India,India
VOMM,Chennai International Airport,12.990005,80.169296,AS,IN,VOMM,MAA,,India,India
VOTV,Thiruvananthapuram International Airport,8.48212,76.920097,AS,IN,VOTV,TRV,,India,India
VRMM,Malé International Airport,4.191830158233643,73.52909851074219,AS,MV,VRMM,MLE,,Maldives,Maldivas
VTBD,Don Mueang International Airport,13.9125995636,100.607002258,AS,TH,VTBD,DMK,,Thailand,Tailandia
VTBS,Suvarnabhumi Airport,13.681099891662598,100.74700164794922,AS,TH,VTBS,BKK,,Thailand,Tailandia
VTCC,Chiang Mai International Airport,18.7667999268,98.962600708,AS,TH,VTCC,CNX,,Thailand,Tailandia
VTSP,Phuket International Airport,8.1132,98.316902,AS,TH,VTSP,HKT,,Thailand,Tailandia
VVNB,Noi Bai International Airport,21.221201,105.806999,AS,VN,VVNB,HAN,,Vietnam,Vietnam
VVTS,Tan Son Nhat International Airport,10.8188,106.652,AS,VN,VVTS,SGN,,Vietnam,Vietnam
VYMD,Mandalay International Airport,21.70219993591309,95.97789764404295,AS,MM,VYMD,MDL,,Myanmar,Myanmar
VYYY,Yangon International Airport,16.907300949099998,96.1332015991,AS,MM,VYYY,RGN,,Myanmar,Myanmar
WAAA,Hasanuddin International Airport,-5.06163,119.554001,AS,ID,WAAA,UPG,,Indonesia,Indonesia
WADD,Ngurah Rai (Bali) International Airport,-8.74817,115.167,AS,ID,WADD,DPS,,Indonesia,Indonesia
WAJJ,Dortheys Hiyo Eluay International Airport,-2.579627,140.519857,AS,ID,WAJJ,DJJ,,Indonesia,Indonesia
WALL,Sultan Aji Muhammad Sulaiman Sepinggan International Airport,-1.268342,116.89452,AS,ID,WALL,BPN,,Indonesia,Indonesia
WARR,Juanda International Airport,-7.37983,112.787003,AS,ID,WARR,SUB,,Indonesia,Indonesia
WBSB,Brunei International Airport,4.9442,114.928001,AS,BN,WBSB,BWN,,Brunei,Brunéi
WIII,Soekarno-Hatta International Airport,-6.1255698204,106.65599823,AS,ID,WIII,CGK,,Indonesia,Indonesia
WIMM,Kualanamu International Airport,3.637847,98.870566,AS,ID,WIMM,KNO,,Indonesia,Indonesia
WMKK,Kuala Lumpur International Airport,2.74558,101.709999,AS,MY,WMKK,KUL,,Malaysia,Malasia
WSSS,Singapore Changi Airport,1.35019,103.994003,AS,SG,WSSS,SIN,,Singapore,Singapur
YBBN,Brisbane International Airport,-27.38419914245605,153.11700439453125,OC,AU,YBBN,BNE,,Australia,Australia
YMML,Melbourne International Airport,-37.673302,144.843002,OC,AU,YMML,MEL,,Australia,Australia
YPAD,Adelaide International Airport,-34.947512,138.533393,OC,AU,YPAD,ADL,,Australia,Australia
YPDN,Darwin International Airport / RAAF Darwin,-12.41497,130.88185,OC,AU,YPDN,DRW,,Australia,Australia
YPPH,Perth International Airport,-31.94029998779297,115.96700286865234,OC,AU,YPPH,PER,,Australia,Australia
YSSY,Sydney Kingsford Smith International Airport,-33.94609832763672,151.177001953125,OC,AU,YSSY,SYD,,Australia,Australia
ZBAA,Beijing Capital International Airport,40.0801010131836,116.58499908447266,AS,CN,ZBAA,PEK,,China,China
ZBAD,Beijing Daxing International Airport,39.509945,116.41092,AS,CN,ZBAD,PKX,,China,China
ZBTJ,Tianjin Binhai International Airport,39.1244010925,117.346000671,AS,CN,ZBTJ,TSN,,China,China
ZGGG,Guangzhou Baiyun International Airport,23.392401,113.299004,AS,CN,ZGGG,CAN,,China,China
ZGSZ,Shenzhen Bao'an International Airport,22.639299,113.810997,AS,CN,ZGSZ,SZX,,China,China
ZHCC,Zhengzhou Xinzheng International Airport,34.526497,113.849165,AS,CN,ZHCC,CGO,,China,China
ZHHH,Wuhan Tianhe International Airport,30.774798,114.213723,AS,CN,ZHHH,WUH,,China,China
ZLLL,Lanzhou Zhongchuan International Airport,36.515202,103.620003,AS,CN,ZLLL,LHW,,China,China
ZMCK,Ulaanbaatar Chinggis Khaan International Airport,47.646916,106.819833,AS,MN,ZMCK,UBN,,Mongolia,Mongolia
ZSFZ,Fuzhou Changle International Airport,25.934669,119.66318,AS,CN,ZSFZ,FOC,FOC,China,China
ZSNJ,Nanjing Lukou International Airport,31.735032,118.865949,AS,CN,ZSNJ,NKG,,China,China
ZSPD,Shanghai Pudong International Airport,31.1434,121.805,AS,CN,ZSPD,PVG,,China,China
ZSSS,Shanghai Hongqiao International Airport,31.198104,121.33426,AS,CN,ZSSS,SHA,,China,China
ZSWZ,Wenzhou Longwan International Airport,27.912201,120.851997,AS,CN,ZSWZ,WNZ,,China,China
ZUCK,Chongqing Jiangbei International Airport,29.712254,106.651895,AS,CN,ZUCK,CKG,,China,China
ZUGY,Guiyang Longdongbao International Airport,26.541466,106.803331,AS,CN,ZUGY,KWE,,China,China
ZUTF,Chengdu Tianfu International Airport,30.31252,104.441284,AS,CN,ZUTF,TFU,,China,China
ZUUU,Chengdu Shuangliu International Airport,30.558257,103.945966,AS,CN,ZUUU,CTU,,China,China
ZWWW,Ürümqi Diwopu International Airport,43.90710067749024,87.47419738769531,AS,CN,ZWWW,URC,,China,China
ZYCC,Changchun Longjia International Airport,43.996201,125.684998,AS,CN,ZYCC,CGQ,,China,China
ZYHB,Harbin Taiping International Airport,45.623402,126.25,AS,CN,ZYHB,HRB,,China,China
ZYTX,Shenyang Taoxian International Airport,41.639801,123.483002,AS,CN,ZYTX,SHE,,China,China
